mean_fit_time,std_fit_time,mean_score_time,std_score_time,param_classifier__class_weight,param_classifier__max_depth,param_classifier__n_estimators,params,split0_test_score,split1_test_score,split2_test_score,mean_test_score,std_test_score,rank_test_score
1.3992245197296143,0.757340977256479,1.2659998734792073,0.006653273777722737,balanced,5,50,"{'classifier__class_weight': 'balanced', 'classifier__max_depth': 5, 'classifier__n_estimators': 50}",1.0,0.9991555837027655,0.9993665540540541,0.9995073792522732,0.0003588254200386857,1
2.044301907221476,0.07048329930931287,0.6268858909606934,0.7842721948076509,balanced,5,100,"{'classifier__class_weight': 'balanced', 'classifier__max_depth': 5, 'classifier__n_estimators': 100}",1.0,0.9991555837027655,0.9993665540540541,0.9995073792522732,0.0003588254200386857,1
1.864089012145996,0.979918172097397,0.4524079958597819,0.5397654481309457,balanced,10,50,"{'classifier__class_weight': 'balanced', 'classifier__max_depth': 10, 'classifier__n_estimators': 50}",1.0,0.999366687777074,0.9989442567567568,0.9994369815112769,0.00043386200241901754,4
3.4499963919321694,0.19511915291803247,0.42574135462443036,0.1386929368857692,balanced,10,100,"{'classifier__class_weight': 'balanced', 'classifier__max_depth': 10, 'classifier__n_estimators': 100}",1.0,0.9991555837027655,0.9993665540540541,0.9995073792522732,0.0003588254200386857,1
