mean_fit_time,std_fit_time,mean_score_time,std_score_time,param_classifier__class_weight,param_classifier__max_depth,param_classifier__n_estimators,params,split0_test_score,split1_test_score,split2_test_score,mean_test_score,std_test_score,rank_test_score
2.3027591705322266,0.26706210228037236,0.644801139831543,0.2568344331309919,balanced,5,50,"{'classifier__class_weight': 'balanced', 'classifier__max_depth': 5, 'classifier__n_estimators': 50}",1.0,0.9991555837027655,0.9993665540540541,0.9995073792522732,0.0003588254200386857,1
2.5956371625264487,0.324458642595752,1.6446297963460286,1.002584892167727,balanced,5,100,"{'classifier__class_weight': 'balanced', 'classifier__max_depth': 5, 'classifier__n_estimators': 100}",1.0,0.9991555837027655,0.9993665540540541,0.9995073792522732,0.0003588254200386857,1
3.182063659032186,1.0624531667327997,1.6729280948638916,1.2163970911839816,balanced,10,50,"{'classifier__class_weight': 'balanced', 'classifier__max_depth': 10, 'classifier__n_estimators': 50}",1.0,0.999366687777074,0.9989442567567568,0.9994369815112769,0.00043386200241901754,4
4.949622472127278,0.24231692160959614,0.22848145167032877,0.2222643590905159,balanced,10,100,"{'classifier__class_weight': 'balanced', 'classifier__max_depth': 10, 'classifier__n_estimators': 100}",1.0,0.9991555837027655,0.9993665540540541,0.9995073792522732,0.0003588254200386857,1
