mean_fit_time,std_fit_time,mean_score_time,std_score_time,param_classifier__class_weight,param_classifier__max_depth,param_classifier__n_estimators,params,split0_test_score,split1_test_score,split2_test_score,mean_test_score,std_test_score,rank_test_score
1.0733492374420166,0.3910251493662046,1.0283942222595215,0.2991160579705144,balanced,5,50,"{'classifier__class_weight': 'balanced', 'classifier__max_depth': 5, 'classifier__n_estimators': 50}",1.0,0.9991555837027655,0.9993665540540541,0.9995073792522732,0.0003588254200386857,1
2.6187777519226074,0.568123274555599,0.9622166951497396,0.5364258983231017,balanced,5,100,"{'classifier__class_weight': 'balanced', 'classifier__max_depth': 5, 'classifier__n_estimators': 100}",1.0,0.9991555837027655,0.9993665540540541,0.9995073792522732,0.0003588254200386857,1
3.052092949549357,1.377648449014083,1.4828575452168782,1.0539442763435256,balanced,10,50,"{'classifier__class_weight': 'balanced', 'classifier__max_depth': 10, 'classifier__n_estimators': 50}",1.0,0.999366687777074,0.9989442567567568,0.9994369815112769,0.00043386200241901754,4
4.682289044062297,0.3853014847817857,0.6421340306599935,0.42788679568385296,balanced,10,100,"{'classifier__class_weight': 'balanced', 'classifier__max_depth': 10, 'classifier__n_estimators': 100}",1.0,0.9991555837027655,0.9993665540540541,0.9995073792522732,0.0003588254200386857,1
